time,acc-x,acc-y,acc-y,att-x,att-y,att-z,gyr-x,gyr-y,gyr-z,latitude,logitude,heading
9.045777022838593,0.019813,0.0323384,-0.1231546,-0.4569556,0.07262547,-0.1187319,1.230595,-0.1519952,-0.9705977,46.19637,6.17804,165.4368
4.483102023601532,-0.002895073,-0.009956977,0.0168238,0.8252729,0.01515038,0.1745077,0.07465843,0.01869413,-0.04875488,46.19635,6.178055,279.1686
10.62145900726318,-0.2182038,0.08626212,0.08739705,0.003742603,-0.1383909,-0.82192,-0.4776353,-1.209845,-0.1051077,46.19637,6.17804,176.7685
5.080111026763916,0.03942246,-0.02483067,0.06296434,0.7421213,0.1483731,-0.05535863,-0.8936471,-1.279621,0.5837847,46.19635,6.178055,279.1686
10.84553903341293,-0.004670146,-0.01750884,-0.02098406,-0.002005909,-0.2203214,-0.9245598,-0.2404734,-0.2473585,0.02399596,46.19637,6.17804,179.8702
6.381807029247284,-0.05458555,0.01236991,0.02142651,0.3255709,-0.6124253,1.15455,0.2544094,2.138552,0.1748856,46.19637,6.17804,279.1686
8.746288001537323,-0.06358352,0.05134479,-0.06102749,-0.3895388,0.1063123,-0.0691338,-0.518341,-0.1426986,0.5263527,46.19637,6.17804,168.4773
6.53097403049469,-0.002942753,0.03338264,-0.08096531,0.3509523,-0.6563506,1.362641,0.1294675,-0.1971462,0.11553,46.19637,6.17804,279.1686
6.058229029178619,0.3461949,0.1842893,-0.2650734,0.3438413,-0.4956468,0.7855657,-0.4545774,0.1734042,-0.05131178,46.19637,6.17804,279.1686
9.020852982997894,-0.1728927,0.06461553,-0.1374603,-0.5040335,0.1200668,-0.08672035,0.4865351,0.06186631,-0.3717039,46.19637,6.17804,165.4368
10.04739701747894,0.2502865,-0.06486493,-0.04305232,0.3667481,-0.6013001,1.78679,-0.4847209,-6.240353,0.9111771,46.19637,6.17804,176.0594
10.32110798358917,0.0123036,0.05090531,0.1616834,0.4285918,-0.2771125,0.3682077,-1.234343,-4.390782,0.5704531,46.19637,6.17804,180.9263
8.199950993061066,0.06011661,-0.02563203,-0.01385411,0.5558876,-0.1038054,-0.0537332,-3.540464,-2.912168,0.07978441,46.19637,6.17804,179.8618
6.133015036582947,0.1813064,-0.07568167,-0.1149891,0.322552,-0.5317243,0.8673859,0.5429667,1.169033,-0.4458092,46.19637,6.17804,279.1686
6.854934990406036,0.1627794,0.03944365,0.137373,0.3407376,-0.4281194,0.01434586,-0.454984,-5.480458,1.495691,46.19637,6.17804,279.1686
11.06986802816391,-0.136418,0.0519962,-0.09285185,0.1232461,-0.1261823,-0.6385971,1.955348,4.502176,0.09106442,46.19637,6.17804,179.127
7.154852986335754,0.09125054,-0.1229284,-0.108242,0.1348345,-0.1319031,-0.7543606,-0.5244018,0.1797594,0.8726513,46.19637,6.17804,279.1686
9.122148036956787,-0.1050364,0.07582202,-0.364076,-0.3154461,0.03936719,-0.1109995,3.983191,0.8198839,-1.020039,46.19637,6.17804,170.0137
9.59859299659729,-0.092038,-0.004531934,-0.0684448,0.5294229,-0.6283464,1.680371,0.2357183,1.462576,-0.6328784,46.19637,6.17804,173.0555
8.175001978874207,-0.1025012,-5.929932e-05,-0.4892704,0.6574122,-0.1047609,0.02200616,-4.711682,-2.68708,0.1675261,46.19637,6.17804,179.8618
5.306376993656158,-0.02934812,0.01911707,0.06654764,0.5989364,0.201561,-0.4316681,-0.2832749,-0.476278,0.01454189,46.19637,6.17804,279.1686
4.607438981533051,-0.01790681,-0.001766274,0.01408663,0.8319278,0.0135733,0.1663371,0.05044074,-0.06523303,-0.08736302,46.19635,6.178055,279.1686
6.108196020126343,-0.1175535,0.072645,-0.02602587,0.3301029,-0.4937354,0.7889637,-0.2812863,0.5235822,-0.4965633,46.19637,6.17804,279.1686
10.12197798490524,-0.01468663,0.05534573,0.4075,0.4591411,-0.5310925,1.198193,-1.126409,-7.215508,1.147755,46.19637,6.17804,181.1703
11.41776198148727,0.004893356,-0.01650202,-0.02233007,0.5316082,-0.02274199,0.1854841,0.3063638,0.490241,0.1741639,46.19637,6.17804,166.5696
9.172034978866577,0.2591749,0.02670244,0.002670624,-0.09257033,0.01642517,-0.06100269,3.65842,0.6754929,-0.2763281,46.19637,6.17804,171.7489
11.11918503046036,-0.1401699,0.1560454,-0.01512578,0.2688774,-0.05492926,-0.365107,3.783872,5.705473,-0.3831153,46.19637,6.17804,175.0277
11.492163002491,0.04053438,-0.0007403227,-0.1791051,0.5296614,-0.01975828,0.201562,0.2533263,0.3535707,0.1567887,46.19637,6.17804,166.5696
8.001775979995728,-0.1336221,0.1161686,0.329959,1.300713,-1.067057,1.317777,-1.207811,-0.5529901,0.4120193,46.19637,6.17804,176.0245
9.197102010250092,0.07282244,0.1006342,-0.01563479,-0.001187702,0.01819688,-0.04082086,3.414126,0.9745952,-0.106239,46.19637,6.17804,171.7489
4.880725026130676,-0.005662408,-0.009824008,0.03709762,0.8230423,0.0342215,0.132197,-0.1895212,-0.1993696,0.2337431,46.19635,6.178055,279.1686
5.35853499174118,-0.06086615,0.03163552,0.04304615,0.5901761,0.2096554,-0.4567244,0.2479489,-0.09304178,0.08893316,46.19637,6.17804,279.1686
4.955425024032593,0.01103004,-0.0185979,0.0235544,0.7957499,0.07456971,0.07086661,-0.5351869,-0.4778627,0.4138342,46.19635,6.178055,279.1686
10.49726003408432,-0.1164047,0.01119131,0.1595525,0.1288418,-0.110369,-0.556137,-2.22413,-4.300519,0.8508681,46.19637,6.17804,176.7685
6.555899024009705,-0.04138982,0.03347075,-0.0714452,0.3531431,-0.6579825,1.351606,0.07225587,-0.5686076,0.04119796,46.19637,6.17804,279.1686
11.2428349852562,0.01840007,0.00241572,0.2015238,0.5320294,-0.03159042,0.1170592,-0.09564945,0.5798748,0.1741107,46.19637,6.17804,169.1801
8.995851993560791,-0.08884493,0.05108959,-0.1335171,-0.5121974,0.1239444,-0.08817362,-0.04669264,0.1329727,0.0923749,46.19637,6.17804,165.4368
6.307424008846283,-0.09806073,-0.05479515,0.07449034,0.3176622,-0.600964,1.027681,0.3326063,1.070708,-0.08049092,46.19637,6.17804,279.1686
6.282132029533386,0.00729742,-0.07260869,0.02355414,0.3149741,-0.5911626,0.995887,0.2911832,1.07662,-0.1492587,46.19637,6.17804,279.1686
8.920776009559631,-0.04859387,-0.002919628,0.0245404,-0.4964861,0.1223196,-0.09300186,-0.3780288,0.1062024,-0.04674985,46.19637,6.17804,165.4368
10.2710320353508,0.2370055,-0.09613802,-0.185968,0.4469113,-0.3415059,0.6093901,-0.5311279,-3.060582,1.055879,46.19637,6.17804,180.9263
10.14691400527954,-0.07981712,0.03150124,0.263354,0.465079,-0.4894583,1.012592,-1.068582,-5.667945,0.6357097,46.19637,6.17804,181.1703
7.454061985015869,-0.4646929,0.325341,-0.4409909,0.1708518,-0.1526643,-0.6185468,2.87026,1.89759,-3.063201,46.19637,6.17804,279.1686
5.834178030490875,0.4989277,-0.16822,-0.1942682,0.5172592,-0.2212776,0.1965725,-0.1065003,1.053507,-1.714984,46.19637,6.17804,279.1686
6.704702019691467,0.2708108,-0.1134696,0.1423761,0.3279389,-0.648255,0.7683063,-0.6672467,-7.146514,0.2186294,46.19637,6.17804,279.1686
11.46724098920822,-0.05054321,-0.01603885,0.0614989,0.5349102,-0.02239,0.1925697,-0.04045163,0.1066,-0.05615674,46.19637,6.17804,166.5696
6.431725978851318,-0.04437996,0.0006223387,-0.04726413,0.3391969,-0.6269788,1.256762,0.3029118,1.434394,0.1160999,46.19637,6.17804,279.1686
9.673925995826721,-0.14747,-0.003171518,-0.005296151,0.4837365,-0.6470401,1.774966,0.717722,2.273256,-0.8728954,46.19637,6.17804,173.0555
9.898294985294342,0.1197889,-0.09710366,0.00884415,0.2778568,-0.6339712,2.255526,0.1325592,0.1676206,-0.4224927,46.19637,6.17804,169.872
7.478971004486084,0.07291768,0.1773118,0.08519114,0.2900659,-0.1793993,-0.5585005,3.282019,2.274148,-3.340239,46.19637,6.17804,279.1686
5.660135984420776,-0.2077345,0.1528771,0.08744632,0.6002504,0.1621399,-0.3812062,-0.5767484,1.279013,-1.132721,46.19637,6.17804,279.1686
4.25789999961853,-0.004117833,-0.0509628,0.0430706,0.8139744,0.04818478,0.1546868,-0.04378713,0.04185391,-0.1947056,46.19635,6.178055,279.1686
5.534829020500183,0.01320178,-0.002110988,-0.027475,0.6041147,0.2293308,-0.4714167,-0.06244106,-0.02679436,-0.1171057,46.19637,6.17804,279.1686
9.773981034755707,-0.006843733,-0.06200746,0.01940421,0.3778917,-0.6574435,2.099622,0.2954014,3.919611,-0.9935505,46.19637,6.17804,174.0726
11.29268097877502,-0.03735894,0.005809571,0.04384693,0.5350141,-0.02074446,0.1458452,0.2805464,0.6700162,0.1806932,46.19637,6.17804,167.6644
9.346839010715485,-0.1533789,0.06385931,0.05749905,0.3953851,-0.01897606,0.1462361,1.206843,1.582882,0.1045312,46.19637,6.17804,173.2671
11.19396501779556,-0.02934381,0.01894157,0.02165799,0.4897997,-0.03066449,0.03019745,2.030012,3.451825,-0.001650077,46.19637,6.17804,171.0301
5.759380996227264,0.08926176,0.0914158,0.219781,0.6077786,-0.01034711,-0.08163118,-0.8354582,2.509277,-2.08239,46.19637,6.17804,279.1686
11.16903299093246,0.01106537,-0.01367805,0.07254899,0.4311175,-0.03207647,-0.07924359,2.49585,5.113324,-0.05785922,46.19637,6.17804,173.04
8.150029003620148,-0.1086897,0.06962941,-0.2655804,0.8013936,-0.1275069,0.1074379,-6.506282,-2.864655,0.4288181,46.19637,6.17804,179.8618
8.622003018856049,0.06062488,-0.02522095,-0.010388,-0.248835,0.02024657,-0.1010909,-1.396964,0.8594039,1.557501,46.19637,6.17804,172.4407
5.561040997505188,0.01320178,-0.002110988,-0.027475,0.6041147,0.2293308,-0.4714167,-0.06244106,-0.02679436,-0.1171057,46.19637,6.17804,279.1686
5.005279004573822,0.0256595,-0.004203871,-0.03734717,0.7831897,0.09250229,0.04629629,-0.4714292,-0.4566894,0.4827946,46.19635,6.178055,279.1686
10.69570100307465,0.06372242,-0.05586594,-0.01827011,-0.001376808,-0.159558,-0.8753912,-0.237025,-1.019949,-0.0519439,46.19637,6.17804,176.7685
11.39242303371429,0.08551749,-0.04410961,-0.0546162,0.5229158,-0.02724936,0.173408,0.2115693,0.530505,0.2026486,46.19637,6.17804,166.5696
8.573391020298004,0.2086062,-0.1219245,0.2070471,-0.2131028,-0.01199588,-0.1293969,-0.8284737,0.478323,0.9002846,46.19637,6.17804,174.862
6.754566013813019,0.1534267,0.06664345,0.3463356,0.34835,-0.5921599,0.4924782,-0.1051519,-3.235517,1.494678,46.19637,6.17804,279.1686
8.398729979991913,-0.0835181,0.1417491,-0.3763731,-0.04013115,-0.03880555,-0.1344783,-1.777673,0.3609253,0.3428561,46.19637,6.17804,176.1731
9.748571991920471,-0.0276738,0.07354918,0.1787082,0.4014782,-0.6681734,2.013334,-0.1356494,2.689074,-0.9183418,46.19637,6.17804,174.0726
9.848432004451752,0.04002617,-0.02404599,-0.05878247,0.3065378,-0.6460042,2.253202,0.1075733,-0.1689585,-0.5302472,46.19637,6.17804,167.2927
8.373189985752106,-0.07092529,0.05778865,-0.08493008,0.01837623,-0.04542342,-0.1500141,-2.678046,0.7660039,0.8075666,46.19637,6.17804,177.3587
6.207893013954163,0.0604277,-0.0466917,0.03719572,0.3149499,-0.556619,0.9081961,0.2305557,0.5252616,-0.3879828,46.19637,6.17804,279.1686
5.03021103143692,0.01071114,-0.01941488,0.02416394,0.7622437,0.1297117,-0.01269964,-0.5368254,-0.8914312,0.5024966,46.19635,6.178055,279.1686
7.95191502571106,-0.03567341,0.06336274,0.1981076,1.294118,-1.155875,1.416731,-0.3951876,-0.4394028,0.433694,46.19637,6.17804,176.0245
10.34608000516891,0.09578452,-0.09595872,-0.1114541,0.4035202,-0.2516083,0.2449864,-1.022435,-4.345109,0.6106704,46.19637,6.17804,180.9263
9.799244999885559,0.1432082,-0.01448008,-0.21802,0.3489587,-0.6553351,2.197746,0.6221341,3.291776,-0.9464313,46.19637,6.17804,168.6753
8.274290025234222,-0.06943348,0.1028605,-0.2753168,0.2703096,-0.08527675,-0.1651612,-2.676132,0.3359708,0.7194524,46.19637,6.17804,182.3203
6.183099985122681,0.103684,-0.01730394,0.02167881,0.3201854,-0.5464342,0.8926865,0.1947172,0.589254,-0.3860945,46.19637,6.17804,279.1686
4.408240020275116,-0.029689,-0.006233924,0.004808504,0.817991,0.02322312,0.1680365,0.02865398,0.05042116,-0.06789304,46.19635,6.178055,279.1686
7.005703032016754,-0.1063968,0.1005273,0.2874716,0.2364996,-0.1668007,-0.5694833,-0.3123315,-2.510344,1.780359,46.19637,6.17804,279.1686
7.802130997180939,-0.008750665,0.02462343,0.009918173,1.193511,-0.7200886,0.8789771,1.340344,1.240724,0.1293725,46.19637,6.17804,181.8847
9.997568011283875,0.1650894,-0.00622241,-0.1838775,0.3426686,-0.6080647,1.947018,-0.6103556,-5.655881,0.7327941,46.19637,6.17804,171.0882
11.34251803159714,-0.006611542,-0.01944854,0.06486174,0.5298371,-0.02497567,0.1582412,-0.4051613,-0.05088937,-0.2871147,46.19637,6.17804,166.5696
9.396777033805847,-0.2583222,0.1301136,0.3057581,0.4852362,-0.06812181,0.3250511,2.029463,3.785483,-0.8549204,46.19637,6.17804,173.2671
6.158003032207489,0.1813064,-0.07568167,-0.1149891,0.322552,-0.5317243,0.8673859,0.5429667,1.169033,-0.4458092,46.19637,6.17804,279.1686
11.26774698495865,-0.01987992,0.002660656,0.0139873,0.529076,-0.02585672,0.1303339,-0.03089225,0.6767081,0.174846,46.19637,6.17804,167.6644
4.930648028850555,0.02076407,-0.0244709,0.03330139,0.8173177,0.04541751,0.1165076,-0.3148448,-0.3495357,0.2802589,46.19635,6.178055,279.1686
7.553830027580261,0.04962957,0.02905383,0.04135246,0.6517372,-0.231206,-0.2288208,4.238794,4.084238,-1.891931,46.19637,6.17804,279.1686
8.42366898059845,-0.0338033,0.07776202,-0.2701843,-0.07413081,-0.0420457,-0.1369363,-1.068009,-0.3416122,-0.1004676,46.19637,6.17804,176.1731
4.732752978801727,0.02887035,-0.03815893,0.01973624,0.8323804,6.697731e-05,0.1728008,-0.3132307,-0.1356618,-0.0235895,46.19635,6.178055,279.1686
5.458269000053406,0.01090854,-0.00980745,-0.0003228024,0.6043855,0.2198843,-0.4532725,0.2676957,0.1136096,0.2155606,46.19637,6.17804,279.1686
6.95567798614502,0.196979,0.07356333,0.06746167,0.2824428,-0.264473,-0.403323,0.445158,-2.120987,1.798284,46.19637,6.17804,279.1686
6.033315002918243,0.01856499,0.1564798,-0.2515865,0.3690056,-0.4578883,0.663086,0.9459051,4.182361,-1.486295,46.19637,6.17804,279.1686
5.204756021499634,-0.009862659,0.03056843,0.04649244,0.6234654,0.1929893,-0.3320388,-0.8753681,-1.492306,0.2030664,46.19637,6.17804,279.1686
10.77073299884796,0.06256104,-0.05855196,0.02384526,-0.001804527,-0.192265,-0.9092587,-0.5095032,-0.2873097,-0.5296345,46.19637,6.17804,178.509
11.51712703704834,0.04053438,-0.0007403227,-0.1791051,0.5296614,-0.01975828,0.201562,0.2533263,0.3535707,0.1567887,46.19637,6.17804,166.5696
9.070348024368286,0.019813,0.0323384,-0.1231546,-0.4569556,0.07262547,-0.1187319,1.230595,-0.1519952,-0.9705977,46.19637,6.17804,166.9949
9.573668003082275,0.2851646,-0.1007251,0.2417626,0.5602893,-0.6254345,1.596393,0.05484505,2.304671,-1.039078,46.19637,6.17804,173.0555
10.2960450053215,0.0555655,0.03445071,0.07883288,0.4463575,-0.308079,0.4962479,-0.7611181,-4.150721,0.8755877,46.19637,6.17804,180.9263
8.249369978904724,-0.070681,0.05797362,0.03121509,0.3540673,-0.09390005,-0.1639302,-3.659136,-0.6745149,0.9894778,46.19637,6.17804,182.3203
4.682483017444611,0.01584072,0.015417,0.07135594,0.8403301,0.003901111,0.178059,0.03261583,0.07031216,-0.06820946,46.19635,6.178055,279.1686
5.908497035503387,0.3101692,-0.08637391,-0.3523616,0.457138,-0.3223323,0.363048,-0.4785336,1.958423,-1.843152,46.19637,6.17804,279.1686
4.582475006580353,-0.03369154,0.002231512,0.003688723,0.8307503,0.01529115,0.1680589,0.03479949,-0.04596564,-0.1030697,46.19635,6.178055,279.1686
7.578715980052948,0.04962957,0.02905383,0.04135246,0.6517372,-0.231206,-0.2288208,4.238794,4.084238,-1.891931,46.19637,6.17804,279.1686
10.07231503725052,0.07699551,-0.02493189,0.1701605,0.4332762,-0.5676487,1.408865,-0.7437994,-7.473505,1.435186,46.19637,6.17804,178.3461
5.883562028408051,-0.1485482,0.0628509,0.3520836,0.4885662,-0.2794099,0.2883155,-0.6455634,1.818948,-1.251736,46.19637,6.17804,279.1686
7.976840019226074,-0.1336221,0.1161686,0.329959,1.300713,-1.067057,1.317777,-1.207811,-0.5529901,0.4120193,46.19637,6.17804,176.0245
7.105601012706757,0.1745055,-0.108393,-0.119665,0.1828308,-0.1472538,-0.7102622,-0.3939742,-1.689735,0.4016133,46.19637,6.17804,279.1686
8.100220024585724,-0.04049465,0.2362939,0.3789194,0.9697045,-0.1903239,0.2410495,-6.202506,-3.578307,0.2545353,46.19637,6.17804,176.0245
7.030690014362335,-0.2671724,0.1244491,0.1461716,0.2118299,-0.1462551,-0.6249951,-0.3431091,-1.613926,0.7300206,46.19637,6.17804,279.1686
10.2459419965744,0.1801009,-0.04011833,-0.1010707,0.4430791,-0.3750236,0.6888418,-0.7005311,-1.690202,0.8836207,46.19637,6.17804,182.1969
10.54732698202133,-0.02489683,0.02637598,-0.1157731,0.04966605,-0.127937,-0.6901526,-0.8396908,-1.221086,0.4248663,46.19637,6.17804,176.7685
9.296998023986816,0.2274066,-0.003137391,0.4656318,0.3437572,-0.03002505,0.1045908,1.465988,0.6410813,0.2780264,46.19637,6.17804,173.2671
5.734552025794983,-0.07255594,0.1277321,0.1498049,0.6140195,0.05738801,-0.19163,-0.1900627,3.020783,-2.008296,46.19637,6.17804,279.1686
10.82060998678207,0.1114186,-0.05785072,-0.05068389,-0.002339248,-0.2159176,-0.9206431,-0.2049733,-0.3354129,0.009936916,46.19637,6.17804,179.8702
4.855800986289978,-0.01047399,-0.01186375,0.04318805,0.8254313,0.02438854,0.1442693,-0.1454345,-0.1879766,0.2534331,46.19635,6.178055,279.1686
8.125115990638733,-0.04049465,0.2362939,0.3789194,0.9697045,-0.1903239,0.2410495,-6.202506,-3.578307,0.2545353,46.19637,6.17804,178.1292
8.895747005939484,-0.1101001,0.006911789,0.01906333,-0.4867877,0.1240206,-0.09423762,-0.3840327,0.02424307,0.08829536,46.19637,6.17804,165.4368
6.257113993167877,0.08541483,-0.09296656,0.05162235,0.3144578,-0.5821072,0.9657669,0.33375,1.061512,-0.1500779,46.19637,6.17804,279.1686
5.331303000450134,0.01002216,0.02737544,-0.06080479,0.5913301,0.2003106,-0.4418353,-0.03334942,-0.4098839,0.1449817,46.19637,6.17804,279.1686
7.08067399263382,0.1745055,-0.108393,-0.119665,0.1828308,-0.1472538,-0.7102622,-0.3939742,-1.689735,0.4016133,46.19637,6.17804,279.1686
4.632598996162415,-0.02927518,-0.00427604,0.09749102,0.838078,0.007107233,0.171139,0.2676585,0.2939019,-0.1042559,46.19635,6.178055,279.1686
4.232963025569916,-0.008303619,-0.03889105,0.1001611,0.8163583,0.05603363,0.1486655,-0.04646924,-0.07435715,-0.2249559,46.19635,6.178055,279.1686
11.04552102088928,-0.00435742,-0.02491149,0.1193509,0.08689214,-0.1571661,-0.7393161,1.754911,3.236665,-0.122617,46.19637,6.17804,180.9169
11.21888601779938,-0.04999432,-0.01346293,0.2048196,0.5261324,-0.03398422,0.09407163,0.870601,1.716856,-0.03333375,46.19637,6.17804,169.1801
9.097043991088867,-0.02425254,0.06252877,-0.2745083,-0.4055596,0.05420407,-0.1227358,2.376695,0.3476463,-0.8392499,46.19637,6.17804,168.5189
5.281413018703461,-0.09577821,0.03012726,0.1251725,0.6050748,0.2043057,-0.4194007,-0.1515499,-0.6836762,0.05557219,46.19637,6.17804,279.1686
9.623378992080688,-0.092038,-0.004531934,-0.0684448,0.5294229,-0.6283464,1.680371,0.2357183,1.462576,-0.6328784,46.19637,6.17804,173.0555
10.44595497846603,0.06384603,0.007180399,0.378642,0.3110296,-0.1495464,-0.1894944,-1.777439,-5.16072,1.750763,46.19637,6.17804,179.3146
4.358334004878998,-0.01889039,-0.01540273,0.01980703,0.8188196,0.02840201,0.1649317,-0.06336076,0.01987404,-0.06401377,46.19635,6.178055,279.1686
8.47350400686264,0.04920327,-0.05459573,0.01826564,-0.09683072,-0.05007781,-0.1490215,-0.8423094,-0.3691925,-0.1727392,46.19637,6.17804,176.1731
6.083151996135712,-0.1175535,0.072645,-0.02602587,0.3301029,-0.4937354,0.7889637,-0.2812863,0.5235822,-0.4965633,46.19637,6.17804,279.1686
7.851961016654968,0.04015879,0.05438336,-0.05323435,1.247657,-0.9119554,1.135297,1.856117,1.456497,0.2615887,46.19637,6.17804,178.6155
9.698710978031158,-0.1121722,-0.01346467,-0.01073841,0.454558,-0.6668172,1.863998,1.009347,3.395028,-0.9592194,46.19637,6.17804,174.0726
7.752344012260437,0.08217741,0.01516584,0.05531624,1.129298,-0.5701599,0.6541006,2.453322,2.664896,-0.3299446,46.19637,6.17804,185.0305
5.408326983451843,0.02060745,-0.01618404,0.03949376,0.5998143,0.2120133,-0.4573133,0.001849871,0.138501,-0.1001144,46.19637,6.17804,279.1686
6.904807031154633,-0.04138767,0.08982176,0.4221593,0.3057287,-0.3426168,-0.2680201,-0.3441599,-3.390713,1.550492,46.19637,6.17804,279.1686
8.076047003269196,-0.1364045,0.1673436,0.1116494,1.197939,-0.4386731,0.6255258,-3.625996,-2.036446,0.3458907,46.19637,6.17804,176.0245
6.356805980205536,-0.04510547,-0.07599613,0.1329316,0.3193906,-0.609647,1.100626,0.1192712,1.787623,0.1023368,46.19637,6.17804,279.1686
10.22114998102188,-0.003947415,0.01773448,0.08993072,0.4466871,-0.4065142,0.7406042,-1.001547,-1.360694,0.5006465,46.19637,6.17804,182.1969
11.44269198179245,-0.05054321,-0.01603885,0.0614989,0.5349102,-0.02239,0.1925697,-0.04045163,0.1066,-0.05615674,46.19637,6.17804,166.5696
8.796505987644196,-0.005117314,-0.009442162,-0.0402853,-0.4280495,0.1074388,-0.08811051,-0.7445415,-0.3729761,0.004400688,46.19637,6.17804,166.8948
5.784321010112762,-0.05359804,0.1167544,0.1588113,0.5766712,-0.08328135,0.02322114,-1.449212,2.45634,-2.438671,46.19637,6.17804,279.1686
6.506061017513275,-0.002025091,-0.004888498,-0.06257956,0.3459823,-0.64476,1.332803,0.3526027,1.2049,-0.01860556,46.19637,6.17804,279.1686
7.404178023338318,-0.1612304,-0.01112666,-0.02760044,0.05842562,-0.1211229,-0.7066172,-0.03418917,1.206995,-0.3385751,46.19637,6.17804,279.1686
8.870804011821747,0.03612353,-0.03457778,0.009382063,-0.4570647,0.1135015,-0.09315456,-0.6416119,-0.1430452,0.3080222,46.19637,6.17804,166.8948
5.482735991477966,0.01090854,-0.00980745,-0.0003228024,0.6043855,0.2198843,-0.4532725,0.2676957,0.1136096,0.2155606,46.19637,6.17804,279.1686
6.604811012744904,0.1476285,0.002100732,-0.505252,0.3530478,-0.666769,1.281925,0.1817257,-2.824983,-0.1319175,46.19637,6.17804,279.1686
4.980266034603119,0.0256595,-0.004203871,-0.03734717,0.7831897,0.09250229,0.04629629,-0.4714292,-0.4566894,0.4827946,46.19635,6.178055,279.1686
4.507682979106903,-0.01411473,0.004233625,-0.0100515,0.8274348,0.0152215,0.173555,0.07335808,0.01159071,-0.04062702,46.19635,6.178055,279.1686
9.421702027320862,-0.2583222,0.1301136,0.3057581,0.4852362,-0.06812181,0.3250511,2.029463,3.785483,-0.8549204,46.19637,6.17804,173.2671
6.008269011974335,0.01856499,0.1564798,-0.2515865,0.3690056,-0.4578883,0.663086,0.9459051,4.182361,-1.486295,46.19637,6.17804,279.1686
10.09723001718521,0.07699551,-0.02493189,0.1701605,0.4332762,-0.5676487,1.408865,-0.7437994,-7.473505,1.435186,46.19637,6.17804,179.9557
4.78156703710556,0.002571124,-0.01232419,-0.0460754,0.8245953,0.004987815,0.1670059,0.07450497,0.004467679,0.08555914,46.19635,6.178055,279.1686
9.44691401720047,0.07022908,-0.06428248,0.06780521,0.543736,-0.226004,0.7115217,3.063433,7.802008,-2.100179,46.19637,6.17804,173.2671
7.204702019691467,-0.05303965,-0.05074039,-0.152678,0.1061053,-0.1225312,-0.7532629,-0.5532747,0.02898959,1.015054,46.19637,6.17804,279.1686
6.879848003387451,0.1286782,-0.01572635,0.4916383,0.3263712,-0.384805,-0.1455612,-0.5236676,-5.400123,1.618954,46.19637,6.17804,279.1686
5.22968202829361,0.006895956,0.0477733,-0.1409918,0.6095427,0.195335,-0.3633222,-0.2314575,-1.097966,0.269321,46.19637,6.17804,279.1686
9.32192599773407,-0.05549083,0.01307248,0.1140364,0.3688201,-0.02183488,0.117212,0.7735791,0.6678458,0.3849469,46.19637,6.17804,173.2671
5.50796103477478,-0.09553362,0.005873266,0.0465689,0.6060117,0.2328592,-0.468648,-0.1455772,-0.1250282,-0.06568386,46.19637,6.17804,279.1686
10.47088903188705,-0.07035962,0.1489949,0.2523727,0.1921832,-0.1027884,-0.439733,-2.146658,-4.539571,1.065781,46.19637,6.17804,178.0975
4.905619025230408,0.02076407,-0.0244709,0.03330139,0.8173177,0.04541751,0.1165076,-0.3148448,-0.3495357,0.2802589,46.19635,6.178055,279.1686
8.299301028251648,0.02820342,-0.003162184,-0.2151449,0.2131235,-0.07738043,-0.1596915,-1.853782,0.1530775,0.6413589,46.19637,6.17804,182.3203
10.17127197980881,-0.121548,0.003600688,0.3621152,0.4634324,-0.4620524,0.8805187,-0.6637127,-3.81094,0.4470177,46.19637,6.17804,182.1969
7.503892004489899,0.2170647,-0.06843099,0.1045518,0.4058783,-0.2024182,-0.4688928,3.597084,3.741739,-2.529639,46.19637,6.17804,279.1686
7.130616009235382,0.05396978,-0.08871564,0.02936796,0.1692476,-0.1426715,-0.7470921,-0.2366556,-1.035779,0.4670175,46.19637,6.17804,279.1686
11.31760901212692,-0.1257376,-0.01617969,0.1236593,0.5383149,-0.0196245,0.1558951,-0.04447269,0.1748077,-0.05404777,46.19637,6.17804,167.6644
11.09427100419998,-0.1401699,0.1560454,-0.01512578,0.2688774,-0.05492926,-0.365107,3.783872,5.705473,-0.3831153,46.19637,6.17804,177.312
8.970816016197205,-0.08884493,0.05108959,-0.1335171,-0.5121974,0.1239444,-0.08817362,-0.04669264,0.1329727,0.0923749,46.19637,6.17804,165.4368
11.02086001634598,-0.00435742,-0.02491149,0.1193509,0.08689214,-0.1571661,-0.7393161,1.754911,3.236665,-0.122617,46.19637,6.17804,180.9169
5.433290004730225,0.1015834,-0.02686803,-0.03203546,0.6012534,0.2108436,-0.4508557,0.1037249,0.08938336,0.1411833,46.19637,6.17804,279.1686
7.055621981620789,-0.2671724,0.1244491,0.1461716,0.2118299,-0.1462551,-0.6249951,-0.3431091,-1.613926,0.7300206,46.19637,6.17804,279.1686
7.702611982822418,-0.1962551,0.141445,-0.19956,1.011199,-0.3645859,0.3111761,2.825497,3.102944,-0.5181389,46.19637,6.17804,279.1686
9.147082984447479,0.0661194,0.0840925,-0.1336553,-0.1974461,0.02298353,-0.08733424,4.409046,1.069557,-0.9876099,46.19637,6.17804,170.0137
6.62975001335144,0.1476285,0.002100732,-0.505252,0.3530478,-0.666769,1.281925,0.1817257,-2.824983,-0.1319175,46.19637,6.17804,279.1686
5.858582019805908,0.3214489,-0.1950549,0.2025626,0.5083171,-0.2541603,0.2388145,-0.239164,1.033334,-0.8823063,46.19637,6.17804,279.1686
6.980669021606445,0.1637353,0.07698292,0.24881,0.2664022,-0.2107511,-0.4868231,0.1081643,-2.860199,2.138557,46.19637,6.17804,279.1686
5.055124998092651,0.01071114,-0.01941488,0.02416394,0.7622437,0.1297117,-0.01269964,-0.5368254,-0.8914312,0.5024966,46.19635,6.178055,279.1686
4.308102011680603,0.002289593,-0.03525041,0.05387439,0.8197865,0.0350979,0.1617261,-0.02140714,-0.04059615,-0.1621398,46.19635,6.178055,279.1686
8.846422016620636,0.03612353,-0.03457778,0.009382063,-0.4570647,0.1135015,-0.09315456,-0.6416119,-0.1430452,0.3080222,46.19637,6.17804,166.8948
5.983384013175964,-0.1896687,-0.01518185,-0.06622999,0.3781998,-0.4126145,0.5364407,-0.1253437,3.621719,-1.405858,46.19637,6.17804,279.1686
9.973403990268707,0.2109426,-0.08550431,-0.2412708,0.2903539,-0.6234021,2.193834,-0.6355675,-2.650267,0.5257878,46.19637,6.17804,171.0882
4.458151996135712,-0.01407256,-0.001504657,-0.02912015,0.8195308,0.02112729,0.1702791,0.1323385,0.04021236,-0.06487357,46.19635,6.178055,279.1686
9.648307025432587,-0.1119254,0.04662916,-0.1331029,0.508719,-0.6343881,1.720242,0.3917881,1.430023,-0.8282706,46.19637,6.17804,173.0555
7.328307032585144,-0.07956672,0.008633733,0.03323429,0.06077991,-0.106565,-0.737477,0.03209521,0.0934614,-0.03824058,46.19637,6.17804,279.1686
7.229507982730865,-0.192384,0.03530746,-0.09925753,0.08271927,-0.1149619,-0.7538319,-0.3819088,0.03981206,0.6690715,46.19637,6.17804,279.1686
4.333136022090912,0.02741494,-0.03937504,0.02813321,0.8180594,0.031423,0.1624967,-0.0512598,-0.07841647,-0.06977821,46.19635,6.178055,279.1686
4.65752500295639,-0.02927518,-0.00427604,0.09749102,0.838078,0.007107233,0.171139,0.2676585,0.2939019,-0.1042559,46.19635,6.178055,279.1686
9.247139990329742,-0.06089505,0.1522163,0.04518161,0.1993875,-0.007359089,0.04786903,4.005938,1.563348,-0.7645169,46.19637,6.17804,173.2671
10.02248501777649,0.2502865,-0.06486493,-0.04305232,0.3667481,-0.6013001,1.78679,-0.4847209,-6.240353,0.9111771,46.19637,6.17804,173.3155
8.22486799955368,0.19976,-0.06145992,0.2860017,0.4582396,-0.1032391,-0.124704,-3.897795,-2.359515,0.608444,46.19637,6.17804,182.3203
7.37889301776886,-0.02590378,-0.03837275,0.07295696,0.05853873,-0.1144859,-0.733107,-0.284373,0.6625767,-0.06808604,46.19637,6.17804,279.1686
9.521893978118896,-0.03089433,0.1777961,0.6388055,0.593684,-0.5992764,1.494957,2.3932,4.988585,-1.336172,46.19637,6.17804,174.4961
7.678359985351562,-0.04029472,0.02826363,-0.1656289,0.9498239,-0.3228212,0.1980304,1.907448,2.890671,0.07948659,46.19637,6.17804,279.1686
8.324244022369385,0.03887359,0.008255687,0.0983206,0.1608187,-0.06703519,-0.162651,-2.068496,-0.1072029,0.7400715,46.19637,6.17804,180.9391
5.15503603219986,-0.08083972,0.008422857,-0.03846995,0.6778319,0.1992735,-0.2122354,-0.8553507,-2.505147,0.3736627,46.19637,6.17804,279.1686
10.74563699960709,-0.05456321,-0.01663234,-0.01284137,-0.003860741,-0.1747706,-0.9016566,-0.3845717,-0.155281,-0.2879131,46.19637,6.17804,176.7685
10.57225698232651,-0.02489683,0.02637598,-0.1157731,0.04966605,-0.127937,-0.6901526,-0.8396908,-1.221086,0.4248663,46.19637,6.17804,176.7685
8.696332037448883,0.05239611,0.02570509,-0.06805771,-0.3479418,0.07199847,-0.08041326,-1.189963,-0.1202242,0.502167,46.19637,6.17804,170.1894
10.92091703414917,-0.05763881,-0.003206232,-0.1202477,-0.005586632,-0.2296524,-0.9179839,0.1414367,0.3809202,-0.1289273,46.19637,6.17804,180.9169
10.52222698926926,-0.1164047,0.01119131,0.1595525,0.1288418,-0.110369,-0.556137,-2.22413,-4.300519,0.8508681,46.19637,6.17804,176.7685
7.254445016384125,-0.1564217,0.02577593,-0.1152628,0.06746835,-0.1116436,-0.7490286,-0.2963057,0.2260936,0.3800407,46.19637,6.17804,279.1686
4.532607018947601,-0.01411473,0.004233625,-0.0100515,0.8274348,0.0152215,0.173555,0.07335808,0.01159071,-0.04062702,46.19635,6.178055,279.1686
7.628753006458282,0.1382675,1.547907e-05,0.1207794,0.9050705,-0.3160265,0.1171863,1.68913,2.81795,-0.0356325,46.19637,6.17804,279.1686
8.598001003265381,0.2086062,-0.1219245,0.2070471,-0.2131028,-0.01199588,-0.1293969,-0.8284737,0.478323,0.9002846,46.19637,6.17804,174.862
7.17976701259613,0.09125054,-0.1229284,-0.108242,0.1348345,-0.1319031,-0.7543606,-0.5244018,0.1797594,0.8726513,46.19637,6.17804,279.1686
4.433229982852936,-0.01407256,-0.001504657,-0.02912015,0.8195308,0.02112729,0.1702791,0.1323385,0.04021236,-0.06487357,46.19635,6.178055,279.1686
5.684908032417297,-0.2077345,0.1528771,0.08744632,0.6002504,0.1621399,-0.3812062,-0.5767484,1.279013,-1.132721,46.19637,6.17804,279.1686
6.930290997028351,-0.0564245,0.09725433,0.1530756,0.290183,-0.3078205,-0.3401097,-0.007533904,-1.905498,1.344711,46.19637,6.17804,279.1686
5.130097031593323,-0.03638619,0.02145642,-0.09627693,0.6982201,0.1880886,-0.1510202,-0.5591183,-1.487207,0.6120916,46.19637,6.17804,279.1686
8.523469984531403,0.1056816,-0.1052805,-0.03096526,-0.1456354,-0.0461907,-0.1450115,-0.8969201,0.1719495,0.5497633,46.19637,6.17804,176.1731
5.610158026218414,-0.1446793,0.05126607,0.1240295,0.6108628,0.2222892,-0.4535942,-0.2232235,0.3841228,-0.3703763,46.19637,6.17804,279.1686
9.923301994800568,0.2035867,-0.1171879,-0.03152128,0.2754578,-0.6291394,2.24414,-0.2692286,-0.8598099,0.002290006,46.19637,6.17804,171.0882
7.827045023441315,0.03234278,0.01358605,-0.04480643,1.219448,-0.798505,0.9886847,1.547764,1.511517,0.2036512,46.19637,6.17804,180.4521
5.383431017398834,-0.09299223,0.02118376,0.08942535,0.595328,0.2120771,-0.4571509,0.1355777,0.09334411,-0.0847111,46.19637,6.17804,279.1686
10.39597600698471,0.2386955,-0.0807234,0.3026561,0.3584201,-0.1894282,-0.036314,-1.337248,-5.434491,1.389057,46.19637,6.17804,180.9263
6.57988703250885,-0.04138982,0.03347075,-0.0714452,0.3531431,-0.6579825,1.351606,0.07225587,-0.5686076,0.04119796,46.19637,6.17804,279.1686
6.729633986949921,0.283228,-0.2061124,0.2803851,0.3316575,-0.6265416,0.6058692,-0.188381,-4.998321,1.032913,46.19637,6.17804,279.1686
4.207872986793518,0.02211794,-0.03670556,0.007777207,0.8169206,0.0641772,0.1457644,0.08142742,-0.1041096,-0.2236213,46.19635,6.178055,279.1686
5.105049014091492,-0.03638619,0.02145642,-0.09627693,0.6982201,0.1880886,-0.1510202,-0.5591183,-1.487207,0.6120916,46.19637,6.17804,279.1686
8.646799027919769,-0.209836,0.1224732,-0.1694581,-0.2851695,0.05157604,-0.07914519,-1.1404,0.2560523,0.933125,46.19637,6.17804,170.1894
10.42090803384781,0.06384603,0.007180399,0.378642,0.3110296,-0.1495464,-0.1894944,-1.777439,-5.16072,1.750763,46.19637,6.17804,179.3146
8.050882995128632,-0.0585295,0.1658597,0.1814598,1.257544,-0.6439582,0.8636507,-3.163569,-1.310083,0.4275749,46.19637,6.17804,176.0245
7.603736996650696,0.1829881,-0.0695089,0.2278867,0.7618438,-0.2649868,-0.1005988,3.802323,4.078299,-1.430937,46.19637,6.17804,279.1686
10.19622302055359,-0.1345601,0.0402911,0.4003749,0.4581436,-0.4366501,0.7959075,-0.929935,-2.169312,0.4340776,46.19637,6.17804,182.1969
8.448593020439148,0.04920327,-0.05459573,0.01826564,-0.09683072,-0.05007781,-0.1490215,-0.8423094,-0.3691925,-0.1727392,46.19637,6.17804,176.1731
7.35352498292923,-0.01184904,-0.0320115,0.03334751,0.06014206,-0.1094237,-0.7411852,-0.1624727,0.2588971,-0.0742465,46.19637,6.17804,279.1686
4.75676703453064,0.03144528,-0.02462558,-0.0507203,0.8261659,0.002487759,0.169136,-0.1730036,-0.05728365,0.04713443,46.19635,6.178055,279.1686
10.67130303382874,-0.06092177,0.0008270665,-0.1346361,0.0002777501,-0.1515364,-0.8473803,-0.3990283,-0.9922295,-0.2796857,46.19637,6.17804,176.7685
10.64637100696564,-0.2182038,0.08626212,0.08739705,0.003742603,-0.1383909,-0.82192,-0.4776353,-1.209845,-0.1051077,46.19637,6.17804,176.7685
8.721349000930786,0.03762167,0.004843359,-0.08414453,-0.3732386,0.08870827,-0.07475462,-0.7409278,0.04086993,0.7614412,46.19637,6.17804,168.4773
11.36744701862335,0.107058,-0.05265447,-0.05147878,0.5207685,-0.02969487,0.163491,-0.1791614,0.2447349,-0.1044839,46.19637,6.17804,166.5696
4.557538986206055,-0.03369154,0.002231512,0.003688723,0.8307503,0.01529115,0.1680589,0.03479949,-0.04596564,-0.1030697,46.19635,6.178055,279.1686
10.79569602012634,0.1697957,-0.1122437,-0.1017029,0.0002287948,-0.2087805,-0.9115384,-0.4609803,-0.3039849,-0.248763,46.19637,6.17804,179.8702
6.456646978855133,-0.0631899,-0.02135093,-0.02440107,0.3435685,-0.6348224,1.294773,0.3434212,1.3504,0.04577561,46.19637,6.17804,279.1686
8.348275005817413,-0.006279484,0.03789289,0.1316622,0.09364799,-0.05647622,-0.1649098,-2.701802,0.1494691,0.8767233,46.19637,6.17804,178.4831
8.671643018722534,-0.06072459,0.07329709,-0.02483808,-0.3152772,0.06354386,-0.07802302,-1.15011,-0.2452729,0.3499033,46.19637,6.17804,170.1894
7.303362011909485,-0.08077677,0.01046609,-0.1011509,0.05874817,-0.1081895,-0.7398823,0.07012884,0.1107011,0.0637351,46.19637,6.17804,279.1686
7.279359996318817,-0.1516152,0.03166012,-0.1625509,0.06015404,-0.1099404,-0.7434321,-0.07304515,0.1919465,0.150922,46.19637,6.17804,279.1686
5.8092440366745,0.1226995,0.005960564,-0.3416786,0.5365028,-0.1599271,0.1282402,-0.9825554,2.161079,-2.55347,46.19637,6.17804,279.1686
9.37185001373291,-0.1799299,0.08049423,0.1401973,0.4378744,-0.03359977,0.2178649,1.939694,3.086098,-0.4094491,46.19637,6.17804,173.2671
5.256038010120392,-0.07393085,0.04563156,0.005556742,0.6073045,0.2018267,-0.3961169,0.07606453,-1.032938,0.1689863,46.19637,6.17804,279.1686
9.723645031452179,0.04138626,-0.01232543,0.1988861,0.423282,-0.6783301,1.950391,0.4516259,2.755737,-0.9621992,46.19637,6.17804,174.0726
7.876946032047272,-0.113046,0.1250714,0.1218805,1.266986,-1.037969,1.285037,1.398511,0.9145262,0.1171253,46.19637,6.17804,178.6155
5.95845502614975,0.01233285,-0.08430644,0.363062,0.4057386,-0.3891792,0.4539915,-0.8661015,1.583289,-1.099872,46.19637,6.17804,279.1686
9.948448002338409,0.2109426,-0.08550431,-0.2412708,0.2903539,-0.6234021,2.193834,-0.6355675,-2.650267,0.5257878,46.19637,6.17804,171.0882
6.679702997207642,0.2076599,0.01516955,-0.006222914,0.3401415,-0.6642874,0.9720736,-0.6402801,-7.731872,-0.1371095,46.19637,6.17804,279.1686
6.332665026187897,-0.0642914,-0.009038878,0.1857158,0.317882,-0.6072029,1.05872,0.1342975,1.23047,-0.107407,46.19637,6.17804,279.1686
4.70744401216507,0.01002643,-0.0380544,0.03376974,0.8379024,0.0008572097,0.1769949,-0.2096163,-0.2482096,-0.08819028,46.19635,6.178055,279.1686
8.49848598241806,0.1056816,-0.1052805,-0.03096526,-0.1456354,-0.0461907,-0.1450115,-0.8969201,0.1719495,0.5497633,46.19637,6.17804,176.1731
9.873364984989166,-0.005381761,-0.03002934,0.004427781,0.291845,-0.638939,2.250504,0.1987054,0.1724033,-0.6281096,46.19637,6.17804,167.2927
7.528905987739563,0.2170647,-0.06843099,0.1045518,0.4058783,-0.2024182,-0.4688928,3.597084,3.741739,-2.529639,46.19637,6.17804,279.1686
7.429196000099182,-0.6214742,0.2156149,-0.3593844,0.08546989,-0.1328675,-0.6688806,1.040471,1.599698,-1.595781,46.19637,6.17804,279.1686
10.37106198072433,0.1957755,-0.107431,0.01715355,0.3862476,-0.2244812,0.1135181,-0.7992169,-4.837162,0.973639,46.19637,6.17804,180.9263
10.72069102525711,-0.06455415,-0.02224742,0.07921307,-0.004486204,-0.1648387,-0.8931265,-0.2573808,-0.4227268,-0.07728261,46.19637,6.17804,176.7685
8.548471033573151,0.02082121,-0.03310562,-0.05129413,-0.1718903,-0.03549648,-0.1413328,-0.9366406,0.02376983,0.4880053,46.19637,6.17804,174.862
7.901858985424042,-0.04868783,0.003979682,0.1086234,1.276418,-1.127143,1.389059,0.8679224,0.5967926,0.133396,46.19637,6.17804,177.329
10.87066298723221,-0.03453996,-0.01348419,0.004521389,-0.003901678,-0.2247503,-0.9315796,-0.2060794,-0.04306494,-0.02661413,46.19637,6.17804,180.9169
10.94599997997284,-0.04504366,-0.02163222,-0.1025766,0.004307738,-0.225394,-0.901828,0.5308007,0.8291366,-0.2385087,46.19637,6.17804,180.9169
8.771566033363342,-0.02081034,0.01009974,0.03760953,-0.4070378,0.1102194,-0.0762296,-0.7791736,-0.4072251,-0.01408773,46.19637,6.17804,166.8948
10.59653902053833,0.06135128,0.02570386,-0.300667,0.02853061,-0.1302653,-0.72535,-0.5748866,-1.62827,0.4446863,46.19637,6.17804,176.7685
4.383307993412018,-0.00978958,-0.01845202,0.002607335,0.8179971,0.02634721,0.1654772,0.01169413,-0.03563545,-0.09589933,46.19635,6.178055,279.1686
11.14412200450897,-0.007737635,0.02000535,0.2596221,0.3595505,-0.03836951,-0.2201594,3.155209,5.743999,-0.3993579,46.19637,6.17804,175.0277
6.406724035739899,0.006109021,-0.03003692,-0.07872697,0.3326628,-0.619397,1.211959,0.3619844,1.951353,0.1692995,46.19637,6.17804,279.1686
4.805882036685944,0.02093324,-0.03000965,0.02859174,0.828243,0.007787585,0.1652634,0.02994469,-0.04221002,0.1123771,46.19635,6.178055,279.1686
8.821421027183533,-0.02790442,-0.006478349,0.02918844,-0.4420956,0.1082259,-0.09359891,-0.4364111,-0.0579825,0.1295346,46.19637,6.17804,166.8948
6.830183029174805,0.1318853,-0.01699582,-0.06025082,0.3508125,-0.4685942,0.1703715,-0.5926817,-5.07297,1.389327,46.19637,6.17804,279.1686
6.804459035396576,0.004092875,0.006998213,-0.05713733,0.3580767,-0.5095529,0.3044536,-0.5841591,-3.733501,1.298207,46.19637,6.17804,279.1686
5.586075007915497,-0.06032002,0.02127714,0.08370306,0.6103161,0.2284224,-0.462325,0.03978297,0.2319068,-0.1157481,46.19637,6.17804,279.1686
9.222032010555267,-0.1405053,0.1356149,-0.2503428,0.09385203,0.01300485,-0.001269746,3.853382,1.782749,-0.4234596,46.19637,6.17804,171.7489
6.232815027236938,0.04844003,-0.08766441,0.06893882,0.3133265,-0.5701751,0.9338793,0.403789,0.9903566,-0.3037574,46.19637,6.17804,279.1686
9.472025036811829,0.2998811,-0.220321,-0.1350046,0.5749506,-0.3519696,0.9948007,4.229437,8.259027,-1.392772,46.19637,6.17804,174.4961
7.653730988502502,0.1382675,1.547907e-05,0.1207794,0.9050705,-0.3160265,0.1171863,1.68913,2.81795,-0.0356325,46.19637,6.17804,279.1686
5.63510000705719,-0.1446793,0.05126607,0.1240295,0.6108628,0.2222892,-0.4535942,-0.2232235,0.3841228,-0.3703763,46.19637,6.17804,279.1686
9.496960997581482,0.2998811,-0.220321,-0.1350046,0.5749506,-0.3519696,0.9948007,4.229437,8.259027,-1.392772,46.19637,6.17804,174.4961
6.481065988540649,-0.002025091,-0.004888498,-0.06257956,0.3459823,-0.64476,1.332803,0.3526027,1.2049,-0.01860556,46.19637,6.17804,279.1686
6.779513001441956,-0.0292809,0.0416135,0.1685124,0.3584766,-0.5500692,0.404947,-0.4121333,-2.782019,1.487973,46.19637,6.17804,279.1686
4.831054031848907,0.04182137,-0.03271474,0.01045913,0.8269288,0.01471046,0.1562379,-0.117661,-0.2128134,0.2165189,46.19635,6.178055,279.1686
8.945888996124268,-0.04859387,-0.002919628,0.0245404,-0.4964861,0.1223196,-0.09300186,-0.3780288,0.1062024,-0.04674985,46.19637,6.17804,165.4368
9.5485600233078,-0.03089433,0.1777961,0.6388055,0.593684,-0.5992764,1.494957,2.3932,4.988585,-1.336172,46.19637,6.17804,173.0555
7.9269660115242,-0.005579407,0.02009671,0.1425635,1.284587,-1.172749,1.440712,0.291591,0.05105075,0.3030745,46.19637,6.17804,177.329
5.710011005401611,-0.1847327,0.168561,0.1556889,0.6051934,0.1164176,-0.3029907,-0.1444956,2.490553,-1.605083,46.19637,6.17804,279.1686
5.179961979389191,-0.08725563,0.0001764378,0.1470404,0.6505189,0.1983689,-0.2833183,-1.106171,-2.64066,0.1525322,46.19637,6.17804,279.1686
5.933530986309052,0.1815013,0.05275845,0.1464202,0.4363469,-0.3652482,0.4129865,-0.2980362,0.8890522,-1.56076,46.19637,6.17804,279.1686
7.777224004268646,0.09002837,0.05253011,0.03969752,1.166429,-0.6549895,0.7846655,1.629658,1.60536,0.07668136,46.19637,6.17804,183.4427
9.823369026184082,0.1978581,-0.01770014,-0.1804051,0.3218905,-0.6521838,2.250196,0.4116344,1.154985,-0.782387,46.19637,6.17804,167.2927
4.283033013343811,-0.003004877,-0.02047968,-0.002787253,0.8161045,0.04113188,0.1591003,0.03284976,-0.08567489,-0.153533,46.19635,6.178055,279.1686
10.99593901634216,0.02873591,-0.06191857,-0.1016228,0.02353282,-0.2114795,-0.8678734,1.110562,1.654675,-0.1821201,46.19637,6.17804,180.9169
9.272073984146118,0.2101815,0.07297884,0.3267545,0.2888947,-0.02664978,0.08332682,2.980273,0.9555128,-0.2554159,46.19637,6.17804,173.2671
8.025829017162323,-0.0585295,0.1658597,0.1814598,1.257544,-0.6439582,0.8636507,-3.163569,-1.310083,0.4275749,46.19637,6.17804,176.0245
10.97095900774002,0.02873591,-0.06191857,-0.1016228,0.02353282,-0.2114795,-0.8678734,1.110562,1.654675,-0.1821201,46.19637,6.17804,180.9169
10.89591997861862,-0.03403293,-0.005638748,-0.09156162,-0.006905283,-0.2290657,-0.9289774,-0.1375378,0.1603304,-0.001626813,46.19637,6.17804,180.9169
7.727423012256622,-0.05173078,0.07079007,0.03056414,1.076525,-0.4592746,0.4780673,2.987255,3.227445,-0.7625834,46.19637,6.17804,279.1686
